method,f1_score
Isolation Forest,0.4386873920552677
LOF,0.08913649025069638
